-6646.958282639817,-3703.7671924017995,-2973.5115866013152,-5123.394637177627
-6646.958282639817,-3703.7671924017995,-2973.5115866013152,-5123.394637177627
-6646.958282639817,-3703.7671924017995,-2973.5115866013152,-5123.394637177627
-6646.958282639817,-3703.7671924017995,-2973.5115866013152,-5123.394637177627
-6646.958282639817,-3703.7671924017995,-2973.5115866013152,-5123.394637177627
-6646.958282639817,-3703.7671924017995,-2973.5115866013152,-5123.394637177627
-6646.958282639817,-3703.7671924017995,-2973.5115866013152,-5123.394637177627
-6646.958282639817,-3703.7671924017995,-2973.5115866013152,-5123.394637177627
-6646.958282639817,-3703.7671924017995,-2973.5115866013152,-5123.394637177627
-6646.958282639817,-3703.7671924017995,-2973.5115866013152,-5123.394637177627
-6646.958282639817,-3703.7671924017995,-2973.5115866013152,-5123.394637177627
-6646.958282639817,-3703.7671924017995,-2973.5115866013152,-5123.394637177627
-6646.958282639817,-3703.7671924017995,-2973.5115866013152,-5123.394637177627
-6646.958282639817,-3703.7671924017995,-2973.5115866013152,-5123.394637177627
-6646.958282639817,-3703.7671924017995,-2973.5115866013152,-5123.394637177627
-6646.958282639817,-3703.7671924017995,-2973.5115866013152,-5123.394637177627
-6646.958282639817,-3703.7671924017995,-2973.5115866013152,-5123.394637177627
-6646.958282639817,-3703.7671924017995,-2973.5115866013152,-5123.394637177627
-6646.958282639817,-3703.7671924017995,-2973.5115866013152,-5123.394637177627
-6646.958282639817,-3703.7671924017995,-2973.5115866013152,-5123.394637177627
-6646.958282639817,-3703.7671924017995,-2973.5115866013152,-5123.394637177627
-6646.958282639817,-3703.7671924017995,-2973.5115866013152,-5123.394637177627
-6646.958282639817,-3703.7671924017995,-2973.5115866013152,-5123.394637177627
-6646.958282639817,-3703.7671924017995,-2973.5115866013152,-5123.394637177627
-6646.958282639817,-3703.7671924017995,-2973.5115866013152,-5123.394637177627
-6646.958282639817,-3703.7671924017995,-2973.5115866013152,-5123.394637177627
-6646.958282639817,-3703.7671924017995,-2973.5115866013152,-5123.394637177627
-6646.958282639817,-3703.7671924017995,-2973.5115866013152,-5123.394637177627
-6646.958282639817,-3703.7671924017995,-2973.5115866013152,-5123.394637177627
-6646.958282639817,-3703.7671924017995,-2973.5115866013152,-5123.394637177627
-6646.958282639817,-3703.7671924017995,-2973.5115866013152,-5123.394637177627
-6646.958282639817,-3703.7671924017995,-2973.5115866013152,-5123.394637177627
-6646.958282639817,-3703.7671924017995,-2973.5115866013152,-5123.394637177627
-6646.958282639817,-3703.7671924017995,-2973.5115866013152,-5123.394637177627
-6646.958282639817,-3703.7671924017995,-2973.5115866013152,-5123.394637177627
-6646.958282639817,-3703.7671924017995,-2973.5115866013152,-5123.394637177627
-6646.958282639817,-3703.7671924017995,-2973.5115866013152,-5123.394637177627
-6646.958282639817,-3703.7671924017995,-2973.5115866013152,-5123.394637177627
-6646.958282639817,-3703.7671924017995,-2973.5115866013152,-5123.394637177627
-6646.958282639817,-3703.7671924017995,-2973.5115866013152,-5123.394637177627
-6646.958282639817,-3703.7671924017995,-2973.5115866013152,-5123.394637177627
-6646.958282639817,-3703.7671924017995,-2973.5115866013152,-5123.394637177627
-6646.958282639817,-3703.7671924017995,-2973.5115866013152,-5123.394637177627
-6646.958282639817,-3703.7671924017995,-2973.5115866013152,-5123.394637177627
-6646.958282639817,-3703.7671924017995,-2973.5115866013152,-5123.394637177627
-6646.958282639817,-3703.7671924017995,-2973.5115866013152,-5123.394637177627
-6646.958282639817,-3703.7671924017995,-2973.5115866013152,-5123.394637177627
-6646.958282639817,-3703.7671924017995,-2973.5115866013152,-5123.394637177627
-6646.958282639817,-3703.7671924017995,-2973.5115866013152,-5123.394637177627
-6646.958282639817,-3703.7671924017995,-2973.5115866013152,-5123.394637177627
-6646.958282639817,-3703.7671924017995,-2973.5115866013152,-5123.394637177627
-6646.958282639817,-3703.7671924017995,-2973.5115866013152,-5123.394637177627
-6646.958282639817,-3703.7671924017995,-2973.5115866013152,-5123.394637177627
-6646.958282639817,-3703.7671924017995,-2973.5115866013152,-5123.394637177627
-6646.958282639817,-3703.7671924017995,-2973.5115866013152,-5123.394637177627
-6646.958282639817,-3703.7671924017995,-2973.5115866013152,-5123.394637177627
-6646.958282639817,-3703.7671924017995,-2973.5115866013152,-5123.394637177627
-6646.958282639817,-3703.7671924017995,-2973.5115866013152,-5123.394637177627
-6646.958282639817,-3703.7671924017995,-2973.5115866013152,-5123.394637177627
-6646.958282639817,-3703.7671924017995,-2973.5115866013152,-5123.394637177627
-6646.958282639817,-3703.7671924017995,-2973.5115866013152,-5123.394637177627
-6646.958282639817,-3703.7671924017995,-2973.5115866013152,-5123.394637177627
-6646.958282639817,-3703.7671924017995,-2973.5115866013152,-5123.394637177627
-6646.958282639817,-3703.7671924017995,-2973.5115866013152,-5123.394637177627
-6646.958282639817,-3703.7671924017995,-2973.5115866013152,-5123.394637177627
-6646.958282639817,-3703.7671924017995,-2973.5115866013152,-5123.394637177627
-6646.958282639817,-3703.7671924017995,-2973.5115866013152,-5123.394637177627
-6646.958282639817,-3703.7671924017995,-2973.5115866013152,-5123.394637177627
-6646.958282639817,-3703.7671924017995,-2973.5115866013152,-5123.394637177627
-6646.958282639817,-3703.7671924017995,-2973.5115866013152,-5123.394637177627
-6646.958282639817,-3703.7671924017995,-2973.5115866013152,-5123.394637177627
-6646.958282639817,-3703.7671924017995,-2973.5115866013152,-5123.394637177627
-6646.958282639817,-3703.7671924017995,-2973.5115866013152,-5123.394637177627
-6646.958282639817,-3703.7671924017995,-2973.5115866013152,-5123.394637177627
-6646.958282639817,-3703.7671924017995,-2973.5115866013152,-5123.394637177627
-6646.958282639817,-3703.7671924017995,-2973.5115866013152,-5123.394637177627
-6646.958282639817,-3703.7671924017995,-2973.5115866013152,-5123.394637177627
-6646.958282639817,-3703.7671924017995,-2973.5115866013152,-5123.394637177627
-6646.958282639817,-3703.7671924017995,-2973.5115866013152,-5123.394637177627
-6646.958282639817,-3703.7671924017995,-2973.5115866013152,-5123.394637177627
-6646.958282639817,-3703.7671924017995,-2973.5115866013152,-5123.394637177627
-6646.958282639817,-3703.7671924017995,-2973.5115866013152,-5123.394637177627
-6646.958282639817,-3703.7671924017995,-2973.5115866013152,-5123.394637177627
-6646.958282639817,-3703.7671924017995,-2973.5115866013152,-5123.394637177627
-6646.958282639817,-3703.7671924017995,-2973.5115866013152,-5123.394637177627
-6646.958282639817,-3703.7671924017995,-2973.5115866013152,-5123.394637177627
-6646.958282639817,-3703.7671924017995,-2973.5115866013152,-5123.394637177627
-6646.958282639817,-3703.7671924017995,-2973.5115866013152,-5123.394637177627
-6646.958282639817,-3703.7671924017995,-2973.5115866013152,-5123.394637177627
-6646.958282639817,-3703.7671924017995,-2973.5115866013152,-5123.394637177627
-6646.958282639817,-3703.7671924017995,-2973.5115866013152,-5123.394637177627
-6646.958282639817,-3703.7671924017995,-2973.5115866013152,-5123.394637177627
-6646.958282639817,-3703.7671924017995,-2973.5115866013152,-5123.394637177627
-6646.958282639817,-3703.7671924017995,-2973.5115866013152,-5123.394637177627
-6646.958282639817,-3703.7671924017995,-2973.5115866013152,-5123.394637177627
-6646.958282639817,-3703.7671924017995,-2973.5115866013152,-5123.394637177627
-6646.958282639817,-3703.7671924017995,-2973.5115866013152,-5123.394637177627
-6646.958282639817,-3703.7671924017995,-2973.5115866013152,-5123.394637177627
-6646.958282639817,-3703.7671924017995,-2973.5115866013152,-5123.394637177627
-6646.958282639817,-3703.7671924017995,-2973.5115866013152,-5123.394637177627
-6646.958282639817,-3703.7671924017995,-2973.5115866013152,-5123.394637177627
-6646.958282639817,-3703.7671924017995,-2973.5115866013152,-5123.394637177627
-6646.958282639817,-3703.7671924017995,-2973.5115866013152,-5123.394637177627
-6646.958282639817,-3703.7671924017995,-2973.5115866013152,-5123.394637177627
-6646.958282639817,-3703.7671924017995,-2973.5115866013152,-5123.394637177627
-6646.958282639817,-3703.7671924017995,-2973.5115866013152,-5123.394637177627
-6646.958282639817,-3703.7671924017995,-2973.5115866013152,-5123.394637177627
-6646.958282639817,-3703.7671924017995,-2973.5115866013152,-5123.394637177627
-6646.958282639817,-3703.7671924017995,-2973.5115866013152,-5123.394637177627
-6646.958282639817,-3703.7671924017995,-2973.5115866013152,-5123.394637177627
-6646.958282639817,-3703.7671924017995,-2973.5115866013152,-5123.394637177627
-6646.958282639817,-3703.7671924017995,-2973.5115866013152,-5123.394637177627
-6646.958282639817,-3703.7671924017995,-2973.5115866013152,-5123.394637177627
-6646.958282639817,-3703.7671924017995,-2973.5115866013152,-5123.394637177627
-6646.958282639817,-3703.7671924017995,-2973.5115866013152,-5123.394637177627
-6646.958282639817,-3703.7671924017995,-2973.5115866013152,-5123.394637177627
-6646.958282639817,-3703.7671924017995,-2973.5115866013152,-5123.394637177627
-6646.958282639817,-3703.7671924017995,-2973.5115866013152,-5123.394637177627
-6646.958282639817,-3703.7671924017995,-2973.5115866013152,-5123.394637177627
-6646.958282639817,-3703.7671924017995,-2973.5115866013152,-5123.394637177627
-6646.958282639817,-3703.7671924017995,-2973.5115866013152,-5123.394637177627
-6646.958282639817,-3703.7671924017995,-2973.5115866013152,-5123.394637177627
-6646.958282639817,-3703.7671924017995,-2973.5115866013152,-5123.394637177627
-6646.958282639817,-3703.7671924017995,-2973.5115866013152,-5123.394637177627
-6646.958282639817,-3703.7671924017995,-2973.5115866013152,-5123.394637177627
-6646.958282639817,-3703.7671924017995,-2973.5115866013152,-5123.394637177627
-6646.958282639817,-3703.7671924017995,-2973.5115866013152,-5123.394637177627
-6646.958282639817,-3703.7671924017995,-2973.5115866013152,-5123.394637177627
-6646.958282639817,-3703.7671924017995,-2973.5115866013152,-5123.394637177627
-6646.958282639817,-3703.7671924017995,-2973.5115866013152,-5123.394637177627
-6646.958282639817,-3703.7671924017995,-2973.5115866013152,-5123.394637177627
-6646.958282639817,-3703.7671924017995,-2973.5115866013152,-5123.394637177627
-6646.958282639817,-3703.7671924017995,-2973.5115866013152,-5123.394637177627
-6646.958282639817,-3703.7671924017995,-2973.5115866013152,-5123.394637177627
-6646.958282639817,-3703.7671924017995,-2973.5115866013152,-5123.394637177627
-6646.958282639817,-3703.7671924017995,-2973.5115866013152,-5123.394637177627
-6646.958282639817,-3703.7671924017995,-2973.5115866013152,-5123.394637177627
-6646.958282639817,-3703.7671924017995,-2973.5115866013152,-5123.394637177627
-6646.958282639817,-3703.7671924017995,-2973.5115866013152,-5123.394637177627
-6646.958282639817,-3703.7671924017995,-2973.5115866013152,-5123.394637177627
-6646.958282639817,-3703.7671924017995,-2973.5115866013152,-5123.394637177627
-6646.958282639817,-3703.7671924017995,-2973.5115866013152,-5123.394637177627
-6646.958282639817,-3703.7671924017995,-2973.5115866013152,-5123.394637177627
-6646.958282639817,-3703.7671924017995,-2973.5115866013152,-5123.394637177627
-6646.958282639817,-3703.7671924017995,-2973.5115866013152,-5123.394637177627
-6646.958282639817,-3703.7671924017995,-2973.5115866013152,-5123.394637177627
-6646.958282639817,-3703.7671924017995,-2973.5115866013152,-5123.394637177627
-6646.958282639817,-3703.7671924017995,-2973.5115866013152,-5123.394637177627
-6646.958282639817,-3703.7671924017995,-2973.5115866013152,-5123.394637177627
-6646.958282639817,-3703.7671924017995,-2973.5115866013152,-5123.394637177627
-6646.958282639817,-3703.7671924017995,-2973.5115866013152,-5123.394637177627
-6646.958282639817,-3703.7671924017995,-2973.5115866013152,-5123.394637177627
-6646.958282639817,-3703.7671924017995,-2973.5115866013152,-5123.394637177627
-6646.958282639817,-3703.7671924017995,-2973.5115866013152,-5123.394637177627
-6646.958282639817,-3703.7671924017995,-2973.5115866013152,-5123.394637177627
-6646.958282639817,-3703.7671924017995,-2973.5115866013152,-5123.394637177627
-6646.958282639817,-3703.7671924017995,-2973.5115866013152,-5123.394637177627
-6646.958282639817,-3703.7671924017995,-2973.5115866013152,-5123.394637177627
-6646.958282639817,-3703.7671924017995,-2973.5115866013152,-5123.394637177627
-6646.958282639817,-3703.7671924017995,-2973.5115866013152,-5123.394637177627
-6646.958282639817,-3703.7671924017995,-2973.5115866013152,-5123.394637177627
-6646.958282639817,-3703.7671924017995,-2973.5115866013152,-5123.394637177627
-6646.958282639817,-3703.7671924017995,-2973.5115866013152,-5123.394637177627
-6646.958282639817,-3703.7671924017995,-2973.5115866013152,-5123.394637177627
-6646.958282639817,-3703.7671924017995,-2973.5115866013152,-5123.394637177627
-6646.958282639817,-3703.7671924017995,-2973.5115866013152,-5123.394637177627
-6646.958282639817,-3703.7671924017995,-2973.5115866013152,-5123.394637177627
-6646.958282639817,-3703.7671924017995,-2973.5115866013152,-5123.394637177627
-6646.958282639817,-3703.7671924017995,-2973.5115866013152,-5123.394637177627
-6646.958282639817,-3703.7671924017995,-2973.5115866013152,-5123.394637177627
-6646.958282639817,-3703.7671924017995,-2973.5115866013152,-5123.394637177627
-6646.958282639817,-3703.7671924017995,-2973.5115866013152,-5123.394637177627
-6646.958282639817,-3703.7671924017995,-2973.5115866013152,-5123.394637177627
-6646.958282639817,-3703.7671924017995,-2973.5115866013152,-5123.394637177627
-6646.958282639817,-3703.7671924017995,-2973.5115866013152,-5123.394637177627
-6646.958282639817,-3703.7671924017995,-2973.5115866013152,-5123.394637177627
-6646.958282639817,-3703.7671924017995,-2973.5115866013152,-5123.394637177627
-6646.958282639817,-3703.7671924017995,-2973.5115866013152,-5123.394637177627
-6646.958282639817,-3703.7671924017995,-2973.5115866013152,-5123.394637177627
-6646.958282639817,-3703.7671924017995,-2973.5115866013152,-5123.394637177627
-6646.958282639817,-3703.7671924017995,-2973.5115866013152,-5123.394637177627
-6646.958282639817,-3703.7671924017995,-2973.5115866013152,-5123.394637177627
-6646.958282639817,-3703.7671924017995,-2973.5115866013152,-5123.394637177627
-6646.958282639817,-3703.7671924017995,-2973.5115866013152,-5123.394637177627
-6646.958282639817,-3703.7671924017995,-2973.5115866013152,-5123.394637177627
-6646.958282639817,-3703.7671924017995,-2973.5115866013152,-5123.394637177627
-6646.958282639817,-3703.7671924017995,-2973.5115866013152,-5123.394637177627
-6646.958282639817,-3703.7671924017995,-2973.5115866013152,-5123.394637177627
-6646.958282639817,-3703.7671924017995,-2973.5115866013152,-5123.394637177627
-6646.958282639817,-3703.7671924017995,-2973.5115866013152,-5123.394637177627
-6646.958282639817,-3703.7671924017995,-2973.5115866013152,-5123.394637177627
-6646.958282639817,-3703.7671924017995,-2973.5115866013152,-5123.394637177627
-6646.958282639817,-3703.7671924017995,-2973.5115866013152,-5123.394637177627
-6646.958282639817,-3703.7671924017995,-2973.5115866013152,-5123.394637177627
-6646.958282639817,-3703.7671924017995,-2973.5115866013152,-5123.394637177627
-6646.958282639817,-3703.7671924017995,-2973.5115866013152,-5123.394637177627
-6646.958282639817,-3703.7671924017995,-2973.5115866013152,-5123.394637177627
-6646.958282639817,-3703.7671924017995,-2973.5115866013152,-5123.394637177627
-6646.958282639817,-3703.7671924017995,-2973.5115866013152,-5123.394637177627
-6646.958282639817,-3703.7671924017995,-2973.5115866013152,-5123.394637177627
-6646.958282639817,-3703.7671924017995,-2973.5115866013152,-5123.394637177627
-6646.958282639817,-3703.7671924017995,-2973.5115866013152,-5123.394637177627
-6646.958282639817,-3703.7671924017995,-2973.5115866013152,-5123.394637177627
-6646.958282639817,-3703.7671924017995,-2973.5115866013152,-5123.394637177627
-6646.958282639817,-3703.7671924017995,-2973.5115866013152,-5123.394637177627
-6646.958282639817,-3703.7671924017995,-2973.5115866013152,-5123.394637177627
-6646.958282639817,-3703.7671924017995,-2973.5115866013152,-5123.394637177627
-6646.958282639817,-3703.7671924017995,-2973.5115866013152,-5123.394637177627
-6646.958282639817,-3703.7671924017995,-2973.5115866013152,-5123.394637177627
-6646.958282639817,-3703.7671924017995,-2973.5115866013152,-5123.394637177627
-6646.958282639817,-3703.7671924017995,-2973.5115866013152,-5123.394637177627
-6646.958282639817,-3703.7671924017995,-2973.5115866013152,-5123.394637177627
-6646.958282639817,-3703.7671924017995,-2973.5115866013152,-5123.394637177627
-6646.958282639817,-3703.7671924017995,-2973.5115866013152,-5123.394637177627
-6646.958282639817,-3703.7671924017995,-2973.5115866013152,-5123.394637177627
-6646.958282639817,-3703.7671924017995,-2973.5115866013152,-5123.394637177627
-6646.958282639817,-3703.7671924017995,-2973.5115866013152,-5123.394637177627
-6646.958282639817,-3703.7671924017995,-2973.5115866013152,-5123.394637177627
-6646.958282639817,-3703.7671924017995,-2973.5115866013152,-5123.394637177627
-6646.958282639817,-3703.7671924017995,-2973.5115866013152,-5123.394637177627
-6646.958282639817,-3703.7671924017995,-2973.5115866013152,-5123.394637177627
-6646.958282639817,-3703.7671924017995,-2973.5115866013152,-5123.394637177627
-6646.958282639817,-3703.7671924017995,-2973.5115866013152,-5123.394637177627
-6646.958282639817,-3703.7671924017995,-2973.5115866013152,-5123.394637177627
-6646.958282639817,-3703.7671924017995,-2973.5115866013152,-5123.394637177627
-6646.958282639817,-3703.7671924017995,-2973.5115866013152,-5123.394637177627
-6646.958282639817,-3703.7671924017995,-2973.5115866013152,-5123.394637177627
-6646.958282639817,-3703.7671924017995,-2973.5115866013152,-5123.394637177627
-6646.958282639817,-3703.7671924017995,-2973.5115866013152,-5123.394637177627
-6646.958282639817,-3703.7671924017995,-2973.5115866013152,-5123.394637177627
-6646.958282639817,-3703.7671924017995,-2973.5115866013152,-5123.394637177627
-6646.958282639817,-3703.7671924017995,-2973.5115866013152,-5123.394637177627
-6646.958282639817,-3703.7671924017995,-2973.5115866013152,-5123.394637177627
-6646.958282639817,-3703.7671924017995,-2973.5115866013152,-5123.394637177627
-6646.958282639817,-3703.7671924017995,-2973.5115866013152,-5123.394637177627
-6646.958282639817,-3703.7671924017995,-2973.5115866013152,-5123.394637177627
-6646.958282639817,-3703.7671924017995,-2973.5115866013152,-5123.394637177627
-6646.958282639817,-3703.7671924017995,-2973.5115866013152,-5123.394637177627
-6646.958282639817,-3703.7671924017995,-2973.5115866013152,-5123.394637177627
-6646.958282639817,-3703.7671924017995,-2973.5115866013152,-5123.394637177627
-6646.958282639817,-3703.7671924017995,-2973.5115866013152,-5123.394637177627
-6646.958282639817,-3703.7671924017995,-2973.5115866013152,-5123.394637177627
-6646.958282639817,-3703.7671924017995,-2973.5115866013152,-5123.394637177627
-6646.958282639817,-3703.7671924017995,-2973.5115866013152,-5123.394637177627
-6646.958282639817,-3703.7671924017995,-2973.5115866013152,-5123.394637177627
-6646.958282639817,-3703.7671924017995,-2973.5115866013152,-5123.394637177627
-6646.958282639817,-3703.7671924017995,-2973.5115866013152,-5123.394637177627
-6646.958282639817,-3703.7671924017995,-2973.5115866013152,-5123.394637177627
-6646.958282639817,-3703.7671924017995,-2973.5115866013152,-5123.394637177627
-6646.958282639817,-3703.7671924017995,-2973.5115866013152,-5123.394637177627
-6646.958282639817,-3703.7671924017995,-2973.5115866013152,-5123.394637177627
-6646.958282639817,-3703.7671924017995,-2973.5115866013152,-5123.394637177627
-6646.958282639817,-3703.7671924017995,-2973.5115866013152,-5123.394637177627
-6646.958282639817,-3703.7671924017995,-2973.5115866013152,-5123.394637177627
-6646.958282639817,-3703.7671924017995,-2973.5115866013152,-5123.394637177627
-6646.958282639817,-3703.7671924017995,-2973.5115866013152,-5123.394637177627
-6646.958282639817,-3703.7671924017995,-2973.5115866013152,-5123.394637177627
-6646.958282639817,-3703.7671924017995,-2973.5115866013152,-5123.394637177627
-6646.958282639817,-3703.7671924017995,-2973.5115866013152,-5123.394637177627
-6646.958282639817,-3703.7671924017995,-2973.5115866013152,-5123.394637177627
-6646.958282639817,-3703.7671924017995,-2973.5115866013152,-5123.394637177627
-6646.958282639817,-3703.7671924017995,-2973.5115866013152,-5123.394637177627
-6646.958282639817,-3703.7671924017995,-2973.5115866013152,-5123.394637177627
-6646.958282639817,-3703.7671924017995,-2973.5115866013152,-5123.394637177627
-6646.958282639817,-3703.7671924017995,-2973.5115866013152,-5123.394637177627
-6646.958282639817,-3703.7671924017995,-2973.5115866013152,-5123.394637177627
-6646.958282639817,-3703.7671924017995,-2973.5115866013152,-5123.394637177627
-6646.958282639817,-3703.7671924017995,-2973.5115866013152,-5123.394637177627
-6646.958282639817,-3703.7671924017995,-2973.5115866013152,-5123.394637177627
-6646.958282639817,-3703.7671924017995,-2973.5115866013152,-5123.394637177627
-6646.958282639817,-3703.7671924017995,-2973.5115866013152,-5123.394637177627
-6646.958282639817,-3703.7671924017995,-2973.5115866013152,-5123.394637177627
-6646.958282639817,-3703.7671924017995,-2973.5115866013152,-5123.394637177627
-6646.958282639817,-3703.7671924017995,-2973.5115866013152,-5123.394637177627
-6646.958282639817,-3703.7671924017995,-2973.5115866013152,-5123.394637177627
-6646.958282639817,-3703.7671924017995,-2973.5115866013152,-5123.394637177627
-6646.958282639817,-3703.7671924017995,-2973.5115866013152,-5123.394637177627
-6646.958282639817,-3703.7671924017995,-2973.5115866013152,-5123.394637177627
-6646.958282639817,-3703.7671924017995,-2973.5115866013152,-5123.394637177627
-6646.958282639817,-3703.7671924017995,-2973.5115866013152,-5123.394637177627
-6646.958282639817,-3703.7671924017995,-2973.5115866013152,-5123.394637177627
-6646.958282639817,-3703.7671924017995,-2973.5115866013152,-5123.394637177627
-6646.958282639817,-3703.7671924017995,-2973.5115866013152,-5123.394637177627
-6646.958282639817,-3703.7671924017995,-2973.5115866013152,-5123.394637177627
-6646.958282639817,-3703.7671924017995,-2973.5115866013152,-5123.394637177627
-6646.958282639817,-3703.7671924017995,-2973.5115866013152,-5123.394637177627
-6646.958282639817,-3703.7671924017995,-2973.5115866013152,-5123.394637177627
-6646.958282639817,-3703.7671924017995,-2973.5115866013152,-5123.394637177627
-6646.958282639817,-3703.7671924017995,-2973.5115866013152,-5123.394637177627
-6646.958282639817,-3703.7671924017995,-2973.5115866013152,-5123.394637177627
-6646.958282639817,-3703.7671924017995,-2973.5115866013152,-5123.394637177627
-6646.958282639817,-3703.7671924017995,-2973.5115866013152,-5123.394637177627
-6646.958282639817,-3703.7671924017995,-2973.5115866013152,-5123.394637177627
-6646.958282639817,-3703.7671924017995,-2973.5115866013152,-5123.394637177627
-6646.958282639817,-3703.7671924017995,-2973.5115866013152,-5123.394637177627
-6646.958282639817,-3703.7671924017995,-2973.5115866013152,-5123.394637177627
-6646.958282639817,-3703.7671924017995,-2973.5115866013152,-5123.394637177627
-6646.958282639817,-3703.7671924017995,-2973.5115866013152,-5123.394637177627
-6646.958282639817,-3703.7671924017995,-2973.5115866013152,-5123.394637177627
